session_id,checkout_latency_ms
u0_s0,137.7623976390616
u1_s0,166.37804369378767
u1_s1,111.21788369887953
u2_s0,172.06882450076262
u2_s1,119.46560768539815
u2_s2,182.38847223123673
u3_s0,164.37276632107725
u3_s1,177.6352207789722
u4_s0,146.46155999388083
u5_s0,172.23352577681734
u6_s0,176.25051644788397
u6_s1,187.12480057141647
u6_s2,131.62499082817195
u7_s0,170.02896663049611
u7_s1,183.16373305864056
u8_s0,142.59390090877852
u9_s0,149.86713560736953
u9_s1,121.62457569401917
u9_s2,149.60229186826174
u10_s0,184.6355675343222
u10_s1,175.79345609501345
u11_s0,168.62978926526085
u11_s1,162.20275826054504
u11_s2,179.2962116465687
u12_s0,138.70337694273988
u13_s0,163.0131808696656
u13_s1,159.68570120295107
u14_s0,178.21024436989336
u14_s1,159.4054928462522
u15_s0,166.5444677273173
u15_s1,170.13150603345065
u16_s0,172.60149877202016
u17_s0,195.25874944606457
u17_s1,173.1359466232796
u18_s0,131.28198361251935
u18_s1,162.99667432679195
u19_s0,162.81814736142644
u20_s0,148.3920828725831
u20_s1,195.30908480562192
u20_s2,168.0996342192191
u21_s0,145.7901768698877
u22_s0,153.512091048652
u22_s1,170.4921800126102
u23_s0,202.66066749312535
u23_s1,120.95824400954996
u24_s0,147.5552567018744
u24_s1,152.8902271816728
u25_s0,170.94194762340075
u25_s1,155.95614695132213
u26_s0,167.84083779465192
u27_s0,157.50949504812633
u28_s0,179.502394668355
u28_s1,157.05885236995724
u28_s2,183.08708676817847
u29_s0,150.45236538849358
u30_s0,172.95116218027428
u30_s1,170.72053069809715
u31_s0,164.48184963620832
u32_s0,160.2518480156359
u32_s1,157.1343348256584
u33_s0,140.99092978125623
u33_s1,179.4104764002642
u34_s0,170.993949717791
u34_s1,128.11144682411265
u34_s2,148.01249954092455
u35_s0,142.5579246919288
u36_s0,146.5795217769861
u36_s1,139.59233505475692
u37_s0,154.618111241421
u37_s1,190.04714104192055
u38_s0,161.4818956083955
u39_s0,137.97496190305776
u39_s1,155.28280383698646
u39_s2,158.46472181943335
u40_s0,157.7534390061834
u40_s1,155.58060800933555
u41_s0,160.57241119135654
u41_s1,164.5293473445663
u41_s2,118.33950718274733
u42_s0,132.34400538071327
u43_s0,160.97043255889653
u43_s1,143.38099767177926
u43_s2,200.8664097936461
u44_s0,192.39224310874621
u45_s0,145.0406002034702
u46_s0,117.22399370381369
u46_s1,172.87605203408637
u46_s2,148.10967894551501
u47_s0,171.76657036921284
u48_s0,122.78180238290707
u49_s0,179.93880136556805
u49_s1,163.6373251011699
u50_s0,164.96441172600672
u50_s1,161.10311752837225
u51_s0,210.11378419283943
u51_s1,126.41081435996419
u51_s2,147.89873848016194
u52_s0,169.4293671427199
u53_s0,161.1144982457739
u53_s1,181.88383036941897
u54_s0,163.22706451757804
u54_s1,175.50945144977828
u54_s2,168.9079764882348
u55_s0,160.28423777632395
u55_s1,159.34493459568003
u55_s2,149.1315045773247
u56_s0,170.27590827161222
u56_s1,154.11266677963388
u56_s2,176.2512119272613
u57_s0,122.38616461450977
u57_s1,124.953312418974
u58_s0,152.66053602239234
u58_s1,169.44793285678716
u59_s0,163.41730876255883
u60_s0,156.3203332729464
u60_s1,192.41066890331754
u61_s0,191.40989270522277
u61_s1,144.03121905165892
u62_s0,165.67116141221825
u62_s1,145.79075975752778
u63_s0,148.75066448211464
u63_s1,173.83241361901736
u64_s0,185.72296910212884
u64_s1,120.95026253978635
u64_s2,154.4100186839992
u65_s0,151.3100754513537
u66_s0,153.81655753062722
u66_s1,174.2679918041089
u66_s2,150.70525819685616
u67_s0,118.29564712869123
u67_s1,135.69811243542148
u68_s0,157.01621680482563
u68_s1,146.81173177097995
u69_s0,152.53201463246862
u69_s1,136.5285958597575
u69_s2,147.74422619031228
u70_s0,152.24596880128033
u71_s0,164.47575903277797
u72_s0,168.11235186280757
u72_s1,174.3001402760228
u72_s2,184.13017933016715
u73_s0,143.66128658025528
u74_s0,170.76044709593688
u74_s1,160.9590810056621
u75_s0,180.30602945523168
u75_s1,131.03972199167512
u76_s0,116.02388086759836
u76_s1,153.12623304124432
u77_s0,190.98418953052607
u78_s0,192.53038943399363
u79_s0,110.37410026869597
u79_s1,168.89310371333917
u80_s0,140.09289272151966
u81_s0,140.66047713741574
u81_s1,142.4736266405164
u82_s0,160.75320466335876
u82_s1,164.2113595525717
u82_s2,177.60592498506497
u83_s0,148.40598177052746
u83_s1,159.51790243694998
u84_s0,219.30020703441443
u84_s1,148.5505664006517
u84_s2,154.50505009651164
u85_s0,127.34095438916033
u85_s1,148.54463150902947
u86_s0,159.4889185801711
u86_s1,183.45458038518728
u87_s0,127.63084332639448
u88_s0,190.92008295200253
u89_s0,127.26550017401318
u89_s1,184.11382920162862
u90_s0,147.52259607979758
u90_s1,149.2652291951698
u91_s0,168.5574135438077
u91_s1,118.24221930798782
u91_s2,176.10385349561898
u92_s0,131.7154121619581
u92_s1,137.07309213962623
u92_s2,171.2880597578653
u93_s0,167.11101259348706
u94_s0,177.49668876538263
u94_s1,116.86038710600654
u95_s0,161.79216319855217
u95_s1,136.37212033402398
u96_s0,135.65390288273974
u96_s1,150.35906410343566
u96_s2,166.32400152409122
u97_s0,158.67219191813726
u97_s1,148.42073489611658
u97_s2,161.2737678730323
u98_s0,181.3970099740208
u99_s0,141.74103853951982
u99_s1,184.49168875252286
u99_s2,122.6359920008971
u100_s0,120.51725103328226
u100_s1,147.01444909867985
u101_s0,135.52119466475486
u102_s0,154.79002876122556
u102_s1,194.53667684437522
u103_s0,138.15374470654842
u103_s1,145.25387325457797
u103_s2,151.84353827862913
u104_s0,165.0261128161276
u104_s1,159.96898988328195
u104_s2,156.50080486609184
u105_s0,138.66382260760733
u106_s0,133.7632753529968
u107_s0,174.51533646326067
u107_s1,150.82086228350852
u107_s2,145.86486485563645
u108_s0,151.34935476601964
u108_s1,186.54156204027333
u109_s0,162.1769126041824
u109_s1,133.2205285770179
u109_s2,150.8356696139885
u110_s0,156.97568191522774
u111_s0,147.19013130461633
u111_s1,163.36790384950493
u111_s2,149.14802071137848
u112_s0,179.92095371611632
u112_s1,144.86409822861077
u113_s0,190.56936852825064
u113_s1,170.1567151257925
u113_s2,164.2114006791693
u114_s0,170.24999104443035
u114_s1,173.25762537334825
u114_s2,183.4694771497065
u115_s0,206.0082017089394
u115_s1,181.50866126210076
u115_s2,152.89376227764131
u116_s0,172.20488751209493
u116_s1,131.0028686903819
u117_s0,137.87383637543317
u118_s0,183.3309718195401
u119_s0,148.54004390018108
u119_s1,143.63602233155385
u120_s0,149.9493831388357
u120_s1,158.6513709928961
u120_s2,137.60765133421978
u121_s0,146.17365257966446
u121_s1,116.64581953506703
u121_s2,138.04275283301553
u122_s0,153.9233830402757
u122_s1,191.3620958943642
u123_s0,138.7378192670107
u123_s1,162.7617430626726
u123_s2,161.59986761118287
u124_s0,166.95812232649772
u124_s1,203.4747674693648
u124_s2,178.8064324108176
u125_s0,147.05518724023906
u125_s1,158.8223638019455
u125_s2,154.16377462168913
u126_s0,128.73618382606685
u127_s0,123.38463103210267
u127_s1,164.01303607911373
u127_s2,153.30449335786918
u128_s0,151.92703073516006
u128_s1,168.56614194415297
u129_s0,134.82536701473978
u129_s1,139.8168342130074
u130_s0,164.87265000014747
u130_s1,150.81817872890826
u131_s0,136.41920417680396
u131_s1,183.75358776923127
u131_s2,180.57365221392783
u132_s0,133.66502306355886
u132_s1,140.9629905065075
u133_s0,153.92766589384485
u133_s1,141.2912259591081
u134_s0,181.71964232350064
u135_s0,138.64394156841615
u135_s1,161.6624493131336
u136_s0,150.6579318641845
u136_s1,149.6417469989242
u136_s2,139.71162245664001
u137_s0,175.65740487162694
u137_s1,147.7646181818943
u138_s0,159.25926405903175
u138_s1,181.6895916614614
u139_s0,148.44939812984893
u140_s0,152.017762955945
u140_s1,146.94206455176877
u140_s2,142.7540842247484
u141_s0,157.3748606581539
u141_s1,161.53703765917535
u141_s2,167.63077125178663
u142_s0,172.73192651643657
u143_s0,177.1092001736529
u144_s0,185.7464878030428
u145_s0,123.28684734275926
u145_s1,183.42491578643086
u145_s2,185.47280664303292
u146_s0,150.034642337993
u146_s1,151.27228218946863
u147_s0,157.80780392148338
u147_s1,160.286465164212
u147_s2,163.12375645881755
u148_s0,144.24432496183522
u148_s1,147.58304803497768
u148_s2,165.8372352400003
u149_s0,177.9892994229649
u150_s0,146.42941329270514
u150_s1,161.51344588094472
u151_s0,148.08677411913015
u151_s1,187.48876186341636
u152_s0,134.65158350785052
u152_s1,151.80078992294455
u152_s2,145.05843841396717
u153_s0,147.72406246314247
u153_s1,163.7857578847111
u153_s2,156.1790462010594
u154_s0,149.03120656346022
u154_s1,164.7197119199817
u154_s2,172.70836060418452
u155_s0,135.21483210293056
u156_s0,169.5271553871244
u156_s1,170.10940318333255
u157_s0,171.2061288264621
u158_s0,147.6874265100487
u158_s1,180.5484307067755
u159_s0,146.72559246040575
u160_s0,163.8301387758546
u160_s1,161.36741258620523
u160_s2,131.12290367732916
u161_s0,114.07638093725524
u161_s1,179.41882662753721
u162_s0,192.0450645121382
u163_s0,174.8164869084025
u163_s1,149.7357286705683
u164_s0,157.8178296469486
u165_s0,142.67103627011005
u165_s1,165.11147307424739
u165_s2,141.31296782842978
u166_s0,140.0064191361266
u167_s0,186.97658840878302
u167_s1,134.0374622989074
u168_s0,191.5621361582303
u169_s0,149.12256268441368
u169_s1,131.52085695099709
u170_s0,154.6669534153117
u170_s1,176.46457756693644
u171_s0,158.38896216361553
u172_s0,174.39515884296364
u172_s1,134.1345408425767
u173_s0,169.39143636696866
u174_s0,174.28206999440187
u174_s1,145.37852329897876
u175_s0,164.83872738947144
u176_s0,143.92055202386044
u176_s1,174.92176239079367
u176_s2,177.58352602868854
u177_s0,156.95600039284668
u177_s1,110.93679215059299
u178_s0,149.91640337984657
u178_s1,158.3695465379671
u178_s2,184.34747139503258
u179_s0,176.41110838012747
u179_s1,194.7779932759516
u179_s2,179.5771610156359
u180_s0,171.85064925092692
u180_s1,181.74928348062994
u180_s2,178.48323647711806
u181_s0,156.34196685769564
u182_s0,120.69798851292822
u182_s1,205.7961159492092
u182_s2,198.5513877035639
u183_s0,181.19872768093245
u183_s1,172.34011899153396
u183_s2,184.99561402807214
u184_s0,129.69809314088698
u184_s1,174.01851430874206
u185_s0,177.10306730964047
u185_s1,160.87749927521432
u186_s0,167.57332468502824
u186_s1,158.33231449451415
u186_s2,163.71385179482118
u187_s0,203.10665496381233
u187_s1,140.44875749054626
u188_s0,175.15810792222024
u188_s1,189.18214314603955
u188_s2,103.60138135993158
u189_s0,171.64896249309663
u190_s0,158.6564341990129
u191_s0,145.68480021778495
u191_s1,179.5513606432309
u192_s0,144.9431046122855
u193_s0,136.92752019434647
u193_s1,162.27248914988655
u194_s0,152.4773523805173
u194_s1,187.188228399228
u195_s0,146.41314458245563
u196_s0,188.98060462558482
u197_s0,118.51848080470421
u197_s1,179.5163343868942
u197_s2,146.6122789445773
u198_s0,139.59190872335526
u198_s1,107.28504521966244
u198_s2,160.0675101319432
u199_s0,170.74631315088408
u199_s1,186.68700651898598
u200_s0,118.28368282153423
u201_s0,156.262608062992
u201_s1,160.88535946698227
u201_s2,147.2927522234874
u202_s0,136.2066668181928
u202_s1,162.07877668297797
u203_s0,148.41894904105493
u204_s0,170.82815137745177
u205_s0,188.83433521900105
u205_s1,167.97966657581168
u206_s0,173.1120782574685
u206_s1,136.48810788750296
u206_s2,142.0986031544679
u207_s0,149.85232636507803
u207_s1,151.2104291963238
u207_s2,174.49281280909938
u208_s0,155.11839052651598
u208_s1,144.5886417122764
u208_s2,151.98528861625218
u209_s0,174.0728323158635
u209_s1,163.18317890664213
u209_s2,199.08314867500573
u210_s0,168.46311769732102
u210_s1,176.93036183454674
u211_s0,169.99532876992046
u212_s0,137.88846897795577
u212_s1,177.90710861525199
u213_s0,147.36844541669336
u213_s1,146.67431598980187
u213_s2,156.446120457732
u214_s0,181.80868682798217
u214_s1,171.462556264824
u215_s0,124.28267016131778
u215_s1,142.72081766329572
u215_s2,132.33092963862688
u216_s0,202.11669650696976
u216_s1,152.13757621600186
u217_s0,161.8861715785793
u218_s0,194.54965476061977
u218_s1,167.60762896432624
u218_s2,156.183173627133
u219_s0,168.17214615403535
u220_s0,153.84383057722232
u221_s0,146.87608090223114
u222_s0,145.34214228545548
u222_s1,182.61966946270422
u223_s0,175.00556288399028
u223_s1,151.51527333203913
u223_s2,188.58234037102062
u224_s0,147.7009912370333
u224_s1,156.10605407766636
u224_s2,158.71623645783004
u225_s0,148.7962694956358
u225_s1,119.55076830558211
u226_s0,158.49240775154468
u227_s0,174.02584653504465
u227_s1,169.33341963932162
u227_s2,190.4201245431876
u228_s0,137.9117744497683
u228_s1,178.47940917168808
u228_s2,132.6336992233438
u229_s0,199.74551998461615
u229_s1,173.2942817261778
u229_s2,161.81937953550818
u230_s0,152.72577901824906
u231_s0,169.54701279472948
u231_s1,127.4268601075631
u232_s0,132.2354257347132
u232_s1,122.6051660060916
u233_s0,152.2295844963398
u233_s1,151.20074175186846
u234_s0,170.9939883662201
u234_s1,150.6956626676384
u234_s2,154.22409394601027
u235_s0,160.28488328027424
u236_s0,128.47296582201128
u236_s1,136.67524212281387
u236_s2,117.68316869533547
u237_s0,166.75867441269324
u238_s0,154.99202705259827
u239_s0,156.43561039229525
u239_s1,132.7150448956418
u239_s2,187.81045143202118
u240_s0,154.5964655851205
u240_s1,157.36811498117996
u240_s2,146.17251005172128
u241_s0,180.90269096768537
u241_s1,184.20487001013754
u242_s0,167.26364596582542
u242_s1,170.3909265954879
u243_s0,155.79461822671303
u243_s1,175.22611126818904
u244_s0,137.08198820035344
u244_s1,184.81759144093806
u245_s0,145.94504446601226
u245_s1,164.44579711601708
u246_s0,185.57731626626787
u247_s0,173.67344842833833
u247_s1,149.16828956829312
u248_s0,159.21960961244912
u249_s0,185.1194584086231
u249_s1,151.61676116332055
u250_s0,180.73293658838512
u251_s0,156.7425375801684
u252_s0,138.9617014988862
u252_s1,174.42270725091163
u253_s0,161.98276678836248
u253_s1,143.16576107923981
u253_s2,185.53930772176375
u254_s0,166.76046962203415
u255_s0,173.59024508158822
u255_s1,181.93412860680255
u255_s2,173.45215457565308
u256_s0,184.04477560831347
u256_s1,191.79677956361368
u257_s0,171.48142441788002
u257_s1,172.53667314056258
u258_s0,163.729759079339
u258_s1,119.02563918622897
u259_s0,147.00963578192338
u259_s1,168.21123230453887
u260_s0,203.30112135613206
u260_s1,181.24032353591076
u260_s2,163.35035225060085
u261_s0,136.6454662477948
u261_s1,183.56456185765123
u262_s0,148.20181404268487
u262_s1,154.7071462739855
u263_s0,132.73843310204612
u263_s1,171.47488842008826
u263_s2,134.47391166923327
u264_s0,171.09880399134676
u264_s1,131.02820394967517
u264_s2,147.04854008851203
u265_s0,144.03618751157472
u266_s0,175.69981157692314
u267_s0,182.3255132751023
u267_s1,189.00385261269378
u268_s0,172.41495110558847
u268_s1,180.80377129585503
u269_s0,187.31677211112927
u270_s0,174.89792836894196
u270_s1,199.3695261685309
u270_s2,150.9606202077102
u271_s0,187.36196963527624
u272_s0,136.62517943013748
u273_s0,127.57211687755662
u273_s1,168.67498441772693
u274_s0,122.39883383241371
u275_s0,164.58149376411404
u276_s0,181.48636025431122
u276_s1,192.03895013024794
u276_s2,193.60991260829294
u277_s0,139.4066754344111
u277_s1,141.83007216213446
u277_s2,131.83793252374215
u278_s0,181.63652302080527
u279_s0,126.89493760317907
u279_s1,160.44407869085273
u279_s2,130.78150122696684
u280_s0,148.9972457704386
u280_s1,168.17698037997482
u280_s2,148.70036177935847
u281_s0,168.46424748914035
u281_s1,183.85470330832828
u281_s2,134.84263688182224
u282_s0,158.7689332412961
u282_s1,159.1562059907893
u282_s2,184.36389423508513
u283_s0,165.86052458067337
u283_s1,166.15225336378393
u284_s0,146.57849146186913
u284_s1,157.41509484094965
u285_s0,177.1602839060429
u286_s0,143.4360745406953
u286_s1,145.70638646019137
u286_s2,170.4255981002763
u287_s0,175.25339100877105
u287_s1,143.70420780059104
u288_s0,159.79668558514447
u288_s1,165.9272887850927
u289_s0,129.91257396695278
u289_s1,156.99359079456255
u290_s0,153.46607573627273
u290_s1,155.9416507397911
u290_s2,153.2284003852209
u291_s0,191.59880215886892
u291_s1,178.03102513149528
u292_s0,181.2029541040532
u292_s1,193.25997873988206
u292_s2,164.21093526882296
u293_s0,140.78515283855558
u293_s1,114.03776825740509
u294_s0,149.62638835728563
u294_s1,159.8591002903889
u295_s0,155.68780842863956
u295_s1,155.07515756102566
u296_s0,158.93553375263272
u296_s1,132.0500535216147
u296_s2,169.1393472906694
u297_s0,186.25805307839568
u298_s0,173.14120137518015
u299_s0,205.2851625587556
u300_s0,173.64192455199787
u300_s1,190.3743670543359
u301_s0,173.1678502384498
u301_s1,202.24691776580576
u302_s0,187.93861878711272
u302_s1,173.62371300248228
u302_s2,170.0403854199373
u303_s0,209.69939907173307
u304_s0,185.05231439239114
u305_s0,118.8406649320649
u305_s1,167.12433419628925
u305_s2,118.69833907487359
u306_s0,160.56915162366317
u306_s1,158.00060440366192
u307_s0,128.08726478220635
u307_s1,121.90522241130522
u307_s2,135.5895165056391
u308_s0,164.34833151373428
u309_s0,153.46753021828866
u309_s1,159.55399432563894
u310_s0,146.22228914849188
u310_s1,164.706359228782
u311_s0,149.1979381280243
u311_s1,163.78656614584747
u311_s2,165.9448854676025
u312_s0,167.96887726713365
u313_s0,168.74462195094083
u314_s0,198.69362458827635
u314_s1,138.51389227547025
u314_s2,139.88292870502073
u315_s0,125.81380609417909
u315_s1,155.14602504349438
u316_s0,122.19979657634114
u316_s1,162.38593410044035
u317_s0,158.66080193405722
u317_s1,112.85331550801043
u317_s2,149.70102938745714
u318_s0,149.11272836981811
u318_s1,129.14393563514201
u319_s0,156.7873776094901
u319_s1,185.57247776102295
u320_s0,173.0725377597393
u320_s1,212.75389775927803
u321_s0,156.00667147725204
u321_s1,125.85650548938261
u322_s0,137.47892078177898
u322_s1,199.08594476050624
u322_s2,184.89305563070602
u323_s0,159.88879412703858
u324_s0,183.57025379596845
u325_s0,152.660687563717
u326_s0,179.4418163751292
u326_s1,186.06866883031475
u326_s2,182.1003687770322
u327_s0,203.71559624542334
u327_s1,132.8285196948505
u328_s0,138.40527357448303
u328_s1,158.40945464583604
u329_s0,112.12631696531743
u329_s1,141.5023350715279
u329_s2,132.86882641358432
u330_s0,151.81383051808558
u331_s0,180.11849023592833
u331_s1,178.6386908463262
u332_s0,181.9330453753219
u333_s0,166.48517592070394
u333_s1,205.5648614116455
u333_s2,168.08425730554663
u334_s0,174.3174548938192
u335_s0,122.07155247880655
u335_s1,159.84834224157916
u336_s0,146.6630256609687
u337_s0,163.9583333468415
u337_s1,155.54368600560636
u338_s0,153.63453411995772
u338_s1,181.51314937651796
u339_s0,175.53292056788294
u340_s0,158.8773143408083
u341_s0,168.5826572304459
u342_s0,145.66582342165958
u342_s1,171.03771943644307
u343_s0,173.60460416835258
u343_s1,140.69160980568893
u343_s2,154.67739197382664
u344_s0,148.3996733469263
u344_s1,136.87168366512287
u344_s2,171.07399850513696
u345_s0,159.32149548144181
u345_s1,128.10488083673334
u346_s0,177.63169968777126
u346_s1,159.71758556133133
u347_s0,133.49625391686
u348_s0,170.8807571354756
u348_s1,142.0433986714874
u348_s2,135.22873621930665
u349_s0,156.36216162973255
u349_s1,162.7638127356803
u349_s2,167.40423779883483
u350_s0,171.6862833287062
u350_s1,176.37607551474525
u351_s0,161.47233019257393
u351_s1,147.93504254459575
u352_s0,156.55711452583054
u352_s1,147.72824789274412
u353_s0,163.9248188133344
u354_s0,144.82252941825305
u354_s1,166.5861829049899
u355_s0,162.80586821360595
u356_s0,153.85883362182577
u357_s0,184.01517923073814
u357_s1,175.8851335632414
u358_s0,189.33648832809536
u358_s1,189.63921536873073
u359_s0,154.33563922109533
u359_s1,124.57605669690273
u360_s0,147.16052675396332
u360_s1,167.95704015538638
u360_s2,180.33259349772618
u361_s0,157.65236203372774
u361_s1,141.72814037467384
u362_s0,120.45858052179288
u362_s1,166.261996312167
u362_s2,181.6852456422863
u363_s0,168.99216495419918
u363_s1,192.08678216617193
u364_s0,154.2981148591597
u365_s0,130.05484709642712
u365_s1,185.61879153333456
u366_s0,151.91508801605542
u366_s1,165.30925318991456
u366_s2,165.58167716690372
u367_s0,165.83127353363946
u367_s1,131.34806740416917
u367_s2,154.78998821187335
u368_s0,136.50736646084852
u369_s0,147.9606677125575
u369_s1,142.8397822273444
u369_s2,177.37545001181542
u370_s0,136.2732714578029
u370_s1,156.03031082969878
u370_s2,142.3620675691373
u371_s0,183.63135432838294
u371_s1,206.8730810562525
u371_s2,131.7629658335611
u372_s0,155.22474560223503
u373_s0,140.04716202404742
u373_s1,159.9543813048174
u373_s2,150.662187661184
u374_s0,147.47417155624763
u374_s1,174.1632890960048
u375_s0,166.62293018375402
u375_s1,160.97478308057535
u375_s2,115.5196035527743
u376_s0,177.30489900687883
u376_s1,176.19913626705016
u377_s0,158.55204751944765
u377_s1,180.52284088803933
u377_s2,184.70585029700848
u378_s0,156.52129856759143
u378_s1,137.21186635411462
u378_s2,154.11088484823932
u379_s0,189.05511090252367
u379_s1,165.46298634008411
u380_s0,133.0558103986295
u381_s0,222.2582040208768
u381_s1,156.53632321207652
u382_s0,153.46674483099625
u382_s1,158.84184500246184
u382_s2,145.29766398550825
u383_s0,172.2351515192263
u383_s1,174.570704168049
u384_s0,126.15458336713343
u384_s1,188.18382057198247
u385_s0,164.64012566297606
u385_s1,121.9586070290712
u386_s0,135.00221377521913
u386_s1,164.0169018623142
u386_s2,162.01582145289612
u387_s0,169.83831076302772
u387_s1,150.61687602962814
u387_s2,138.52165582708446
u388_s0,180.5753798284696
u388_s1,170.03370090337577
u388_s2,172.90075710897995
u389_s0,159.7517356094881
u389_s1,162.03901934812671
u390_s0,168.766074095367
u391_s0,169.59015096003216
u391_s1,174.578823891409
u391_s2,163.83263924134778
u392_s0,183.97065254242375
u392_s1,168.14916879894218
u393_s0,160.32343597891492
u394_s0,164.68686477700598
u394_s1,179.08858153171906
u395_s0,156.75457769861725
u395_s1,141.34714357924673
u396_s0,129.5517061146652
u396_s1,108.21872130623001
u397_s0,201.24425048076512
u397_s1,195.6955007837019
u397_s2,160.26900729238585
u398_s0,204.66387693302372
u398_s1,142.25215219784948
u398_s2,156.6919871569294
u399_s0,178.78878038935167
u399_s1,169.22460987173315
u399_s2,165.77729894039373
u400_s0,202.28829668617587
u401_s0,167.50338028116937
u401_s1,157.01429490552712
u401_s2,123.56158901358556
u402_s0,173.92645724160647
u403_s0,165.5759962477092
u404_s0,163.76951522036205
u404_s1,137.54828122099514
u405_s0,156.34816244437908
u405_s1,151.58577538816263
u406_s0,151.534155166172
u407_s0,162.52263031692033
u408_s0,149.01857824092372
u408_s1,168.15913819501296
u408_s2,167.10051235869858
u409_s0,131.1262652654487
u409_s1,187.3937032472057
u410_s0,160.955353968018
u410_s1,175.24303427304068
u411_s0,150.92722302166473
u411_s1,130.03942303003612
u412_s0,148.6345642784892
u412_s1,173.43659275467257
u413_s0,197.7095344253258
u414_s0,157.34611556945856
u414_s1,156.4480801048252
u414_s2,173.11784275575167
u415_s0,168.3714577198231
u415_s1,167.1907188703574
u415_s2,166.39930382290325
u416_s0,131.8611319897366
u416_s1,159.7554482956015
u417_s0,191.74655308220434
u418_s0,142.76529643595546
u418_s1,194.80528867425838
u418_s2,145.7777837089389
u419_s0,174.70682308395592
u420_s0,161.23816208059995
u420_s1,196.369679750716
u421_s0,152.1564463359798
u421_s1,147.57723822375203
u421_s2,177.2480457751779
u422_s0,192.25993434499313
u422_s1,172.01575431336875
u422_s2,129.04253077953828
u423_s0,139.08941028651893
u423_s1,159.47478413460297
u423_s2,162.82582054814205
u424_s0,148.71335227241525
u425_s0,210.05925151205946
u426_s0,148.1690558465571
u426_s1,140.49079944647974
u426_s2,163.6759874598686
u427_s0,151.71220416069534
u427_s1,186.05599861039516
u428_s0,211.950342516889
u429_s0,155.5205532711289
u429_s1,150.22642219401882
u429_s2,159.9732600959588
u430_s0,144.7292546671705
u430_s1,154.50441956694561
u430_s2,154.15821579377985
u431_s0,154.66579980231774
u431_s1,134.89608958582284
u431_s2,154.57129328875223
u432_s0,163.85615676793978
u433_s0,141.13757833638786
u433_s1,161.74032960784774
u434_s0,139.27712856049607
u435_s0,127.52522835765541
u435_s1,152.60179061085705
u435_s2,162.90487900146908
u436_s0,131.32849688746225
u437_s0,164.49816375780918
u438_s0,128.83854528292974
u438_s1,216.66991223788546
u439_s0,160.58871315136216
u440_s0,136.8357130582205
u440_s1,167.57667265378956
u441_s0,173.9075447280346
u442_s0,150.7981829565531
u442_s1,171.30248734705208
u443_s0,153.78546300111063
u443_s1,163.68618128156206
u444_s0,151.59944545411676
u444_s1,168.19477265538183
u445_s0,140.48906944185867
u445_s1,173.95181471247832
u445_s2,171.4605867210281
u446_s0,169.1079634195643
u446_s1,157.1426682931604
u447_s0,126.2177509205831
u448_s0,155.61226727341193
u449_s0,160.3940387326626
u450_s0,142.58056713707919
u451_s0,146.15698280182428
u451_s1,133.7782787526162
u452_s0,165.13285634288746
u452_s1,143.21036817454421
u452_s2,186.44334292442252
u453_s0,167.6729828983754
u454_s0,167.57961381044052
u455_s0,169.5055374244293
u456_s0,199.2148790679623
u456_s1,160.2878672791263
u456_s2,188.31832714911718
u457_s0,143.4164814098539
u458_s0,133.8201177024987
u459_s0,147.75278008407523
u459_s1,131.2928816801784
u459_s2,148.41292334324683
u460_s0,163.78351477130752
u461_s0,140.9392168357142
u461_s1,145.5239251129666
u461_s2,149.75409707478056
u462_s0,163.97277167694813
u463_s0,156.09948222355908
u463_s1,160.17152004004862
u463_s2,166.61758642847016
u464_s0,170.67260558026877
u464_s1,193.6185124601733
u464_s2,150.95252197007184
u465_s0,147.51945003368755
u465_s1,162.29781415670718
u465_s2,160.54969592186387
u466_s0,142.092912526816
u466_s1,181.25707386066432
u467_s0,162.06003232407224
u467_s1,169.2574575222648
u468_s0,139.9230054593823
u468_s1,176.69499445286604
u468_s2,159.6686318035496
u469_s0,156.45250843126334
u470_s0,130.35171717882255
u470_s1,152.48128560172842
u471_s0,142.3200228650712
u471_s1,162.6499428699129
u471_s2,145.4580091964807
u472_s0,157.96728304541895
u472_s1,128.33388820745768
u472_s2,148.95477495774782
u473_s0,138.05712700742373
u473_s1,152.2907188555767
u473_s2,164.6818272291553
u474_s0,130.3174844567922
u475_s0,124.58546084414414
u476_s0,179.3121069757222
u476_s1,191.83451704511103
u476_s2,165.36579715068555
u477_s0,143.54497448273918
u477_s1,136.6786824812441
u477_s2,171.86857777697074
u478_s0,179.34356244877898
u478_s1,169.8795476441129
u478_s2,139.2073211435044
u479_s0,168.42169980439613
u479_s1,178.36498507459206
u480_s0,150.4142352552371
u480_s1,164.38224459701507
u480_s2,163.7559376855891
u481_s0,136.91100681912417
u481_s1,205.16532986578443
u481_s2,145.3750268455819
u482_s0,177.55420567047065
u482_s1,157.12680940205763
u483_s0,156.69838869993907
u484_s0,148.00672691282003
u485_s0,120.71935684058181
u485_s1,174.55227367352265
u485_s2,176.92151349383437
u486_s0,161.4450409647583
u487_s0,176.8502779291001
u487_s1,175.0991753228393
u487_s2,159.21750732893295
u488_s0,157.72221614465954
u488_s1,179.5752176301468
u489_s0,155.00144126238217
u489_s1,158.58577848461854
u490_s0,170.34674589367282
u490_s1,150.00773352757045
u490_s2,139.93783646759582
u491_s0,184.9141732833932
u491_s1,145.57139071892763
u492_s0,153.46642868182028
u492_s1,144.85406184921504
u492_s2,150.44969315512898
u493_s0,170.78803976418817
u493_s1,184.45597271941114
u494_s0,141.98760813544058
u494_s1,173.16384347968832
u494_s2,186.10804852530333
u495_s0,128.40989165825454
u496_s0,177.91051074833948
u497_s0,125.1926434877103
u497_s1,140.48101338280705
u498_s0,173.24329615554737
u499_s0,145.95489102103278
u499_s1,156.04703432799704
u500_s0,184.3585428394903
u500_s1,169.59993988670075
u500_s2,172.36176032414863
u501_s0,151.80502586928912
u502_s0,180.35273850907348
u503_s0,160.03740367783752
u503_s1,124.02242681452208
u504_s0,178.36062937359972
u504_s1,173.7413413927224
u504_s2,112.43136680253343
u505_s0,163.85303065296048
u505_s1,145.87742775627788
u505_s2,144.72694685627093
u506_s0,184.16493347087115
u507_s0,149.0982554000882
u507_s1,196.33511259150208
u507_s2,151.87817742216873
u508_s0,128.2262373924482
u509_s0,163.15470415223362
u510_s0,166.18013865548696
u511_s0,124.8912420537858
u511_s1,139.5727596288469
u511_s2,137.906487417247
u512_s0,181.45083599145516
u513_s0,188.57520324073542
u513_s1,165.5597362895448
u513_s2,181.06652478819169
u514_s0,163.89859147621956
u515_s0,145.73051363785922
u516_s0,129.86774341713212
u516_s1,167.42148348646867
u516_s2,150.26238357660756
u517_s0,193.01145926465696
u517_s1,147.41575700941115
u518_s0,163.13492675171827
u519_s0,150.75618568304347
u519_s1,128.03007759832002
u520_s0,202.13320943328873
u520_s1,196.72608304626488
u520_s2,179.12669863009626
u521_s0,158.9868268683558
u522_s0,219.2173938092609
u522_s1,176.04813971963875
u522_s2,144.55867771945472
u523_s0,175.90544349156175
u524_s0,130.57332985360432
u525_s0,161.78201533407753
u526_s0,184.18988987289558
u526_s1,171.02034120452598
u526_s2,145.33035866643442
u527_s0,161.76817624153128
u527_s1,152.9367208201885
u527_s2,149.27963850472042
u528_s0,173.3910852332868
u528_s1,166.35824930198353
u528_s2,153.35016612360198
u529_s0,159.34413731104118
u529_s1,149.33663655926486
u530_s0,151.4203856525516
u531_s0,179.2953978860489
u531_s1,183.42335265412294
u531_s2,172.16686597357455
u532_s0,172.808251370002
u532_s1,162.45455802027072
u533_s0,159.70601061741996
u533_s1,187.60396031796063
u534_s0,177.52945911083404
u534_s1,171.76153350335665
u534_s2,179.2469033853314
u535_s0,156.79072896365912
u535_s1,133.3267855464352
u536_s0,153.69954103429973
u537_s0,136.86117205541058
u537_s1,154.83756990434858
u538_s0,146.27444751132012
u538_s1,160.2433936456581
u538_s2,158.14250997213895
u539_s0,132.93032780897695
u540_s0,162.73106481488384
u541_s0,204.36880070606077
u542_s0,142.40235589101036
u542_s1,195.3867464680125
u542_s2,163.99014652877776
u543_s0,171.53380293568247
u544_s0,141.92239174752808
u544_s1,153.6394833917086
u545_s0,154.03738841468314
u545_s1,126.95175219406391
u546_s0,139.71652112345458
u547_s0,180.9552072848276
u547_s1,166.10599578380442
u547_s2,145.00891098190527
u548_s0,136.229290920778
u549_s0,199.7764010756759
u550_s0,154.20013706110234
u550_s1,103.70570601016374
u550_s2,201.7549197175029
u551_s0,151.4734637026348
u551_s1,134.59275907349829
u551_s2,167.3204065007508
u552_s0,170.99983949687308
u553_s0,168.0783116263144
u553_s1,157.6918132360043
u554_s0,152.09106922419454
u555_s0,151.7464095810285
u556_s0,107.20969501730238
u556_s1,163.39734120791738
u557_s0,158.66876902911088
u557_s1,178.099240829884
u558_s0,155.48386501847915
u558_s1,181.79574028408334
u558_s2,181.45041428354543
u559_s0,145.86160428188077
u560_s0,185.43817561476314
u560_s1,164.47853747893214
u561_s0,121.06949427282271
u562_s0,146.08567207675196
u563_s0,206.5919560924296
u563_s1,143.69323780324714
u563_s2,135.301131426586
u564_s0,189.00174084351505
u565_s0,134.59536321944907
u565_s1,161.33696499282055
u565_s2,178.04154046791152
u566_s0,152.92229220182807
u566_s1,175.33307421238635
u567_s0,154.09945295771686
u568_s0,184.13174839608416
u568_s1,172.22751735128693
u569_s0,164.45360927198416
u569_s1,171.9371232705872
u569_s2,149.65306854121442
u570_s0,173.04589399579305
u570_s1,158.2380861867491
u570_s2,156.5760918259194
u571_s0,185.19162488904453
u571_s1,178.962859009441
u571_s2,153.88091136936816
u572_s0,147.7917611449508
u573_s0,167.25063043950612
u574_s0,184.05741840391832
u574_s1,161.7448287564122
u575_s0,130.13138527930548
u575_s1,149.62796696609945
u575_s2,171.89351183669996
u576_s0,151.0580709742161
u576_s1,141.5296182636312
u577_s0,153.78124967297813
u577_s1,178.93265946032636
u577_s2,159.2566735758054
u578_s0,184.50498009953432
u578_s1,145.7628139098846
u579_s0,157.39788932307232
u579_s1,183.7845292251157
u580_s0,173.34490294858483
u581_s0,156.51271759495688
u581_s1,146.45772108238933
u581_s2,142.04681229449892
u582_s0,147.25025130349977
u583_s0,160.30695575638063
u583_s1,174.2391493343453
u583_s2,140.61897896924833
u584_s0,112.6775897286025
u584_s1,139.601253237919
u584_s2,133.76135690231843
u585_s0,151.12777546450795
u585_s1,158.6035035246879
u586_s0,136.5191508075701
u587_s0,125.86660845250503
u587_s1,153.7496424173027
u588_s0,135.04849098956583
u588_s1,186.3640610217171
u588_s2,163.91974484113274
u589_s0,186.32957621181137
u590_s0,158.1097860784032
u590_s1,186.8498761333345
u591_s0,174.1882196117321
u592_s0,157.18893028995137
u592_s1,146.4210869350315
u593_s0,157.56960643599524
u593_s1,189.17362674917447
u594_s0,184.2727398343353
u595_s0,144.8620944256891
u596_s0,151.11966045778126
u596_s1,162.88620038870158
u597_s0,123.3258846474113
u597_s1,142.73891907310036
u598_s0,188.41970707660096
u598_s1,149.15001387224544
u599_s0,190.73372831244743
u600_s0,161.18058438002697
u600_s1,146.9868675732761
u601_s0,153.46704873622778
u602_s0,162.40661175423278
u602_s1,150.18952694936854
u602_s2,219.72658751152858
u603_s0,191.51949051215968
u603_s1,130.8564693856812
u604_s0,186.60864688757633
u605_s0,157.58825623053062
u605_s1,185.10210833166167
u605_s2,169.6006738913071
u606_s0,158.54403214733406
u606_s1,134.86869328109128
u606_s2,185.78406102813747
u607_s0,175.92380600503694
u608_s0,147.9402812244368
u608_s1,167.25631345424438
u608_s2,143.21120692296248
u609_s0,160.69824937652461
u609_s1,157.1424355441742
u609_s2,163.66946237423133
u610_s0,160.8960491277588
u610_s1,183.65360110131954
u610_s2,176.17905322717144
u611_s0,156.36325473276722
u612_s0,157.22699255610584
u612_s1,152.11802718733537
u613_s0,187.03626648240055
u613_s1,156.1130265690464
u613_s2,108.36484794849453
u614_s0,143.34958254192006
u614_s1,158.77805340864637
u615_s0,161.38983225439267
u616_s0,186.5084703138752
u616_s1,176.78169684854973
u616_s2,139.44060646142782
u617_s0,140.25806159095544
u618_s0,155.21591965209493
u618_s1,146.98347950011322
u618_s2,170.43008898805402
u619_s0,167.81752066294106
u620_s0,163.9152400776838
u620_s1,151.01736518091116
u621_s0,165.941543992932
u622_s0,200.49737880991694
u622_s1,126.31847490743172
u623_s0,146.2559495230307
u624_s0,158.97630308719144
u624_s1,128.37289547739886
u624_s2,147.74812902119945
u625_s0,156.47678881590627
u626_s0,191.50435815568852
u626_s1,185.26569004737408
u626_s2,125.04239440084567
u627_s0,198.25109378863883
u628_s0,131.43618118384853
u628_s1,122.73194508108868
u629_s0,146.33533914444624
u629_s1,161.12713112216653
u629_s2,135.94388579778047
u630_s0,174.70264226108182
u630_s1,171.2951838664886
u630_s2,162.8813716268883
u631_s0,169.10132307069514
u632_s0,160.48480485250954
u632_s1,154.7103773155541
u632_s2,172.5279386619248
u633_s0,149.35712219653797
u633_s1,152.22863559017594
u634_s0,115.83255621974195
u634_s1,177.6479417957996
u634_s2,180.54958686705385
u635_s0,179.41004989072434
u635_s1,140.27141355456848
u636_s0,150.14163450101495
u636_s1,175.75862504992105
u636_s2,169.22727042160187
u637_s0,176.76296657546197
u637_s1,154.8504993775956
u638_s0,168.74226015841464
u639_s0,196.65901051907508
u639_s1,174.8694597885613
u640_s0,166.32251632719448
u640_s1,161.85255175897848
u641_s0,184.8572512571663
u642_s0,173.52714095349816
u643_s0,159.24625758515523
u644_s0,175.11584162111888
u644_s1,157.86309916083758
u644_s2,166.49273580858807
u645_s0,150.66666145964123
u645_s1,176.90442725542687
u646_s0,176.54686099255667
u646_s1,168.86880440729385
u647_s0,157.1067347957979
u647_s1,161.42911612810525
u648_s0,153.4653288006934
u648_s1,161.2463322534928
u648_s2,133.83881455746817
u649_s0,142.47465301637752
u650_s0,176.95602048258638
u651_s0,160.06120233477145
u652_s0,171.69245904973482
u652_s1,140.03792178104456
u652_s2,125.28964779280548
u653_s0,185.32660535912578
u653_s1,174.19865496294474
u654_s0,150.83223846292626
u654_s1,150.09031703725037
u655_s0,149.66431809577455
u656_s0,124.63021344224097
u656_s1,151.57598523685198
u656_s2,171.4653335655247
u657_s0,136.7998649975888
u657_s1,156.09594426341664
u658_s0,139.10914055044185
u658_s1,153.77558204982893
u659_s0,154.70042672955117
u660_s0,134.45900730807907
u660_s1,173.56547400779485
u661_s0,172.73120723022313
u661_s1,166.51471426057782
u662_s0,126.75122072753626
u662_s1,154.81749578734298
u663_s0,155.05953852725463
u663_s1,176.7274005851482
u663_s2,144.02130292686402
u664_s0,169.99356614491987
u664_s1,159.86383889285915
u664_s2,175.54164516930513
u665_s0,159.30871520312394
u665_s1,178.1143520099473
u666_s0,170.26210478213304
u667_s0,204.75926035648436
u668_s0,136.79834075461795
u669_s0,203.7308501035158
u669_s1,118.9748058983951
u670_s0,174.96693653787267
u670_s1,134.80733319638264
u670_s2,109.19473091495708
u671_s0,157.33550494903452
u672_s0,135.47905207820705
u673_s0,154.2676392300357
u674_s0,145.3065781264628
u674_s1,179.11871644661525
u675_s0,144.53564856161384
u675_s1,177.4849562163416
u676_s0,152.59044975178205
u676_s1,183.2335646264646
u676_s2,131.5649570925833
u677_s0,190.188981008053
u677_s1,128.70047256999806
u677_s2,150.01097614229573
u678_s0,134.69609855934615
u678_s1,192.54233123344514
u678_s2,124.7633202093705
u679_s0,179.8642825497218
u679_s1,158.63427584471418
u680_s0,154.73152729760992
u680_s1,175.69093605906065
u680_s2,175.45507715730315
u681_s0,145.24489506334237
u681_s1,120.99175596685185
u682_s0,133.21473327691572
u682_s1,177.8627318466044
u683_s0,169.5286033343425
u684_s0,156.9347889320139
u684_s1,155.55361012244583
u685_s0,158.8211884369374
u685_s1,180.2680386193008
u686_s0,162.37496440079448
u686_s1,143.07805597320876
u687_s0,140.5457281812578
u687_s1,129.60202789999357
u688_s0,176.71165552679454
u689_s0,144.3986809414977
u689_s1,179.18885417993175
u690_s0,146.6327744765536
u691_s0,191.88234923044047
u691_s1,175.48045548142105
u692_s0,159.85038406518507
u692_s1,141.65966397048757
u692_s2,140.81446483577528
u693_s0,139.37050912178512
u694_s0,173.36707935686917
u695_s0,179.67177147896385
u695_s1,200.7106291343919
u695_s2,199.84188814994906
u696_s0,207.60090897638656
u696_s1,161.09329212028547
u697_s0,172.98570573881432
u698_s0,122.58628831763814
u698_s1,152.882322002802
u698_s2,157.48475378890618
u699_s0,118.26269143440207
u699_s1,163.2574810707957
u700_s0,177.79107262159255
u700_s1,187.42282094684182
u701_s0,165.58328340499517
u701_s1,156.79878962783442
u702_s0,135.505840785079
u702_s1,148.05611497429535
u703_s0,141.20869665492083
u703_s1,123.83409343000972
u703_s2,154.48708292982585
u704_s0,175.44459866966582
u704_s1,151.32871934472902
u705_s0,130.95716129166343
u705_s1,124.29469904316895
u705_s2,144.45251337478166
u706_s0,161.02886029196364
u706_s1,169.3651175947263
u706_s2,185.82670224820262
u707_s0,121.48865279334245
u707_s1,189.8741951801107
u707_s2,186.9571517452498
u708_s0,178.1846788436594
u709_s0,147.68238704154038
u710_s0,155.03727342424824
u710_s1,152.57419397139262
u710_s2,138.21928448931206
u711_s0,166.17188093692158
u712_s0,169.99735206482794
u712_s1,144.24158841799203
u713_s0,188.2138464084179
u714_s0,153.80578376386856
u714_s1,180.55307238616743
u714_s2,168.01605782829847
u715_s0,172.21824800895607
u715_s1,160.8580166747155
u715_s2,160.32605634056222
u716_s0,161.5623022330421
u717_s0,134.49461917441454
u717_s1,118.24242468007326
u718_s0,153.75697565328417
u718_s1,155.72697626277008
u719_s0,174.30473167782466
u720_s0,152.13297750354255
u721_s0,148.07118796935617
u721_s1,144.40341440936015
u722_s0,165.84337656414652
u722_s1,162.29690180555505
u723_s0,175.66257145789297
u724_s0,167.5197279997486
u725_s0,154.11151830338906
u725_s1,158.9198679450494
u725_s2,166.39441971833742
u726_s0,173.93877122916805
u727_s0,144.66305133105183
u727_s1,179.06307243758351
u727_s2,146.18118396912212
u728_s0,141.47673473033583
u729_s0,131.8584700656141
u730_s0,174.543425190679
u731_s0,157.5911125650302
u731_s1,160.8814564658678
u732_s0,167.0100299364421
u732_s1,181.00799071748878
u733_s0,169.45414625738692
u733_s1,158.74037668424322
u734_s0,167.2151150932767
u734_s1,161.4457669424974
u735_s0,143.46756964305706
u735_s1,164.78464333800085
u736_s0,178.65506191810522
u737_s0,193.64568192246432
u737_s1,118.8167903261536
u738_s0,161.9775200686083
u739_s0,185.3742778915314
u740_s0,180.30784657350446
u740_s1,136.5633739905495
u741_s0,160.09486719055175
u741_s1,137.50551383584997
u742_s0,129.47832185489574
u743_s0,165.6092897387834
u744_s0,146.94771885230065
u744_s1,186.99648918409184
u744_s2,209.23390034369646
u745_s0,161.76680703399126
u745_s1,162.15410902606249
u746_s0,121.7552482999241
u746_s1,124.9040422925751
u747_s0,165.1510353089042
u748_s0,157.44758863146492
u748_s1,169.09005144171257
u748_s2,135.43018647238185
u749_s0,143.2845704535038
u749_s1,166.61328570204284
u749_s2,172.8440388672569
u750_s0,161.7947392030384
u750_s1,171.92671456887336
u750_s2,153.4459881708907
u751_s0,159.34669872266022
u752_s0,203.7115548092507
u752_s1,170.44101468595764
u753_s0,188.54017805398124
u753_s1,167.42802171864471
u753_s2,163.14693135346155
u754_s0,179.5301317812633
u754_s1,137.0696884634952
u755_s0,112.75537680319616
u755_s1,139.6238960481857
u756_s0,143.7062869352466
u756_s1,188.36528265475076
u756_s2,171.83435453563973
u757_s0,171.38748313647426
u758_s0,156.47274613875095
u758_s1,129.4622155555257
u759_s0,137.8108888910756
u759_s1,194.25422822552545
u759_s2,177.12884950682113
u760_s0,181.9444265934365
u761_s0,187.61613176910018
u761_s1,194.5893410345855
u761_s2,142.20810202924568
u762_s0,160.93274733131932
u762_s1,149.58214192192474
u762_s2,172.56660091483593
u763_s0,167.143234722881
u763_s1,203.9217911859363
u764_s0,139.30460443892866
u764_s1,177.85321098927375
u765_s0,179.3784610043559
u766_s0,152.57675058958935
u767_s0,165.10476476859535
u767_s1,181.86499279154756
u768_s0,146.0812719509857
u768_s1,199.8473132769189
u769_s0,151.2186420273424
u769_s1,153.45514694076502
u769_s2,196.15520441547136
u770_s0,158.30046678032386
u770_s1,159.32252668484037
u770_s2,137.27313716560514
u771_s0,161.40206647294605
u771_s1,160.5590933371871
u771_s2,141.7134080604762
u772_s0,160.73855550511942
u772_s1,167.1783516748132
u772_s2,139.2041355094353
u773_s0,149.09426199394494
u773_s1,148.92170749167977
u774_s0,132.4948103803762
u774_s1,141.32016080726086
u775_s0,147.94398589271947
u776_s0,169.35928051252642
u777_s0,163.3228122615666
u778_s0,137.00517089264213
u778_s1,131.24972574337255
u779_s0,165.67654728458524
u779_s1,129.17043790171263
u779_s2,190.47203627383294
u780_s0,146.74088620330397
u781_s0,139.68467066151678
u781_s1,159.39806585418935
u782_s0,155.86935926900122
u782_s1,165.83465450756617
u782_s2,164.28221964572268
u783_s0,156.7752789520499
u784_s0,165.36129595897282
u785_s0,163.9249760006435
u786_s0,166.96516443028267
u786_s1,181.00916560613916
u786_s2,192.43747495570102
u787_s0,149.6033170854955
u788_s0,167.3265176755762
u788_s1,146.09688747961587
u788_s2,147.9386818441417
u789_s0,145.9826110223478
u790_s0,180.84381153966035
u790_s1,164.66570082175744
u790_s2,136.82459613603245
u791_s0,142.90383254791976
u791_s1,160.29388191088734
u791_s2,167.72332995996777
u792_s0,161.13790435778967
u792_s1,183.02194690897645
u793_s0,169.10783888205037
u793_s1,149.44597176158788
u794_s0,137.4542895258614
u795_s0,146.6876989695429
u796_s0,114.64495381098216
u796_s1,160.51332910107425
u796_s2,182.29374855563805
u797_s0,149.40745521324408
u797_s1,148.30545928454333
u797_s2,124.654295919968
u798_s0,188.3967424678815
u799_s0,200.6089733528706
u799_s1,160.36560171517644
u800_s0,132.61545773058845
u800_s1,169.3539874584524
u800_s2,146.62466140340183
u801_s0,159.19590530927243
u801_s1,149.9601607963759
u802_s0,184.84874573051383
u802_s1,154.86609943751225
u802_s2,178.31307608516687
u803_s0,183.72831181035218
u803_s1,143.61316814530852
u803_s2,183.16943992946656
u804_s0,168.37088640187946
u804_s1,121.24050905566904
u804_s2,140.2853393314505
u805_s0,144.52438842218686
u806_s0,177.82129938924942
u807_s0,139.24494144121658
u808_s0,128.79658349740112
u809_s0,202.34648288741909
u809_s1,142.09230915616882
u810_s0,128.2780961536218
u810_s1,167.08618763037722
u811_s0,178.07041367607002
u811_s1,179.91739184761263
u812_s0,207.36963418650762
u812_s1,123.03779775222927
u812_s2,149.56466685401855
u813_s0,147.86673512140308
u814_s0,191.30537485182134
u814_s1,137.89844321996222
u815_s0,145.53968603427865
u815_s1,153.67853282316528
u816_s0,182.9322546217719
u817_s0,169.08323699020397
u817_s1,151.5407437696534
u817_s2,144.13730672772127
u818_s0,136.18508398526657
u818_s1,141.10085430037188
u818_s2,143.90348369829928
u819_s0,149.6621331802353
u819_s1,160.12524560520444
u819_s2,138.64272662598327
u820_s0,160.50242177102538
u820_s1,159.53644590430278
u821_s0,162.9312365117308
u821_s1,173.69429708099784
u821_s2,138.46090918244107
u822_s0,138.93849166524038
u823_s0,210.37428198588927
u823_s1,195.6124991183443
u823_s2,166.27911373541247
u824_s0,146.48817145786595
u825_s0,153.4476266786897
u826_s0,174.63928274788634
u826_s1,185.09489674675308
u827_s0,185.030577384278
u828_s0,152.27770581243016
u828_s1,173.3468685545074
u828_s2,216.52737753938743
u829_s0,187.20238857822807
u830_s0,154.6344615735111
u830_s1,162.36634969121752
u830_s2,145.73615391267734
u831_s0,164.5260841549027
u832_s0,137.6950692724637
u833_s0,154.43379488246848
u833_s1,107.01127037383776
u833_s2,166.78440958650157
u834_s0,152.22380429081252
u834_s1,172.67293928142777
u834_s2,143.72670849724895
u835_s0,144.60667181977223
u835_s1,144.1068163170839
u835_s2,187.94021109973045
u836_s0,166.61056345810832
u836_s1,186.31643680032445
u836_s2,172.93487870837288
u837_s0,147.88640252779027
u838_s0,124.69834187353831
u839_s0,191.05658640397687
u840_s0,127.73321196501072
u840_s1,193.8462603820975
u841_s0,146.104182433852
u842_s0,129.74103131324784
u842_s1,181.30205737464075
u843_s0,172.1019566525917
u844_s0,201.9138065992073
u844_s1,143.1246661088144
u845_s0,167.77757233117416
u845_s1,151.8794169117457
u846_s0,170.74359629083472
u847_s0,130.31266964495532
u848_s0,182.21506344829282
u848_s1,175.10369947607887
u848_s2,150.85972360295605
u849_s0,164.50820285259985
u850_s0,165.28960802146273
u850_s1,147.3201307348697
u851_s0,152.8006315715175
u851_s1,173.01743107891213
u851_s2,129.46179629822194
u852_s0,148.56142907603135
u852_s1,176.3064833361803
u853_s0,195.85580004686506
u853_s1,129.2148525637532
u854_s0,136.9895859205348
u855_s0,177.63936131337113
u856_s0,158.7644787545888
u856_s1,163.26855640772263
u856_s2,133.7211100658006
u857_s0,165.29082752204133
u858_s0,120.04623713028812
u858_s1,132.33918048774882
u859_s0,156.91592980577173
u860_s0,161.79716545666463
u860_s1,158.5203043692746
u860_s2,151.8135957082663
u861_s0,98.0370569095844
u861_s1,165.24033148716953
u862_s0,178.66845908951728
u863_s0,165.05048839093718
u863_s1,146.64150139216744
u863_s2,117.06358135666359
u864_s0,161.74210237488634
u864_s1,192.43153987072125
u864_s2,144.60682787386745
u865_s0,177.2066511883344
u866_s0,104.65349154795204
u866_s1,161.51645861960876
u867_s0,124.61824535928287
u867_s1,185.9459506785109
u867_s2,158.41247719959375
u868_s0,143.4148690013425
u868_s1,188.74339710608223
u868_s2,158.9404345014094
u869_s0,140.55192229092725
u869_s1,202.70642247951915
u869_s2,153.26910157581779
u870_s0,157.88949343869342
u870_s1,151.99439041980622
u870_s2,151.99477340371485
u871_s0,192.56105816697578
u871_s1,130.7236804520021
u872_s0,178.13568533350858
u873_s0,168.11700533385797
u873_s1,135.8524119578459
u873_s2,181.37832036850625
u874_s0,164.59145282148506
u874_s1,139.1345455229481
u874_s2,156.7723272371242
u875_s0,181.8674885806039
u875_s1,148.79813765703648
u876_s0,119.7139673235176
u876_s1,177.64149630578962
u876_s2,155.52977881968621
u877_s0,172.10266031517898
u877_s1,154.3943457384564
u878_s0,159.2373086235072
u879_s0,155.78930119294017
u880_s0,176.49283907199424
u880_s1,176.4978385696567
u880_s2,179.9429647788695
u881_s0,153.24106465862087
u881_s1,156.25668904272277
u882_s0,185.52527975747108
u883_s0,123.74544069853714
u883_s1,139.3493344758118
u884_s0,158.9597843836591
u884_s1,145.6315352063031
u885_s0,155.61071805310473
u885_s1,155.28344473508542
u885_s2,173.83892055688455
u886_s0,162.97445181508076
u887_s0,197.25738242800355
u887_s1,162.49326786815115
u887_s2,135.30232745331244
u888_s0,130.96820842900226
u889_s0,138.09154295523095
u890_s0,143.99453897149672
u890_s1,161.0706679408736
u891_s0,132.63176352125117
u892_s0,152.59321106933544
u893_s0,165.40697298361033
u893_s1,171.1079772130348
u894_s0,181.6652355258861
u894_s1,155.7423516817871
u895_s0,164.6485139919474
u895_s1,159.02008597668618
u895_s2,169.19015533277323
u896_s0,199.20015037631185
u897_s0,162.51017748964375
u897_s1,131.76848629749873
u897_s2,160.13447664265698
u898_s0,168.4998468009288
u899_s0,131.95049396619615
u900_s0,190.5684451572433
u900_s1,142.36363002029162
u900_s2,148.17568761515253
u901_s0,145.83645139494462
u901_s1,179.27893634276137
u902_s0,149.93672961907288
u902_s1,139.72788315291064
u902_s2,140.62689735405795
u903_s0,187.1344973678534
u903_s1,142.8425600042163
u903_s2,182.49228222460027
u904_s0,139.3982789019114
u905_s0,208.9153913822737
u905_s1,138.60880188245358
u905_s2,155.46644445807925
u906_s0,181.82919692825303
u906_s1,146.51053821258182
u906_s2,137.78823739588563
u907_s0,158.19550804199682
u908_s0,192.17776186826276
u909_s0,143.1633086201187
u909_s1,152.32521615269061
u909_s2,130.63474626075907
u910_s0,159.29408165622638
u910_s1,149.68362538741852
u911_s0,141.49832513541736
u912_s0,192.4154816681789
u912_s1,144.17185125925437
u912_s2,140.48934128770736
u913_s0,193.76879747014777
u913_s1,142.11259758914628
u914_s0,138.24644610537484
u915_s0,165.0376072018571
u916_s0,144.56743591712322
u917_s0,152.80177812866657
u917_s1,200.6231742614646
u918_s0,121.40382174217868
u918_s1,158.28494104759065
u919_s0,145.05474044190055
u919_s1,158.12275093802407
u919_s2,120.10509056763263
u920_s0,141.13514474712446
u920_s1,141.49089503801883
u921_s0,145.24864858075304
u922_s0,158.59130340845147
u922_s1,138.6013886880822
u923_s0,170.43349298343492
u923_s1,147.6896830001273
u923_s2,146.73323352975396
u924_s0,132.49701215919393
u924_s1,182.8566067911247
u925_s0,162.26830396396315
u925_s1,143.90772875139294
u926_s0,153.44409888245073
u926_s1,159.16679953237332
u927_s0,179.06207215318304
u927_s1,128.45278785613675
u927_s2,176.35087084504315
u928_s0,173.20412113959142
u928_s1,177.0917225026512
u929_s0,114.32966113862491
u930_s0,128.93115630501188
u930_s1,157.57935675394248
u931_s0,133.13333795442668
u931_s1,125.40779194849688
u932_s0,193.52846835688146
u932_s1,174.52071998458666
u933_s0,130.3350336420425
u934_s0,166.99570535150568
u934_s1,157.00243932955664
u935_s0,150.87663305039882
u935_s1,170.05149548742875
u936_s0,121.67671237468109
u937_s0,139.40950969608411
u937_s1,167.34720698294973
u937_s2,174.04266370766953
u938_s0,157.66369905095647
u938_s1,171.63669201552906
u939_s0,161.08955691547825
u940_s0,146.57337793070704
u940_s1,148.37381945765307
u941_s0,158.20493587316454
u941_s1,138.00102192611686
u941_s2,116.7767579285658
u942_s0,184.61291608356024
u942_s1,166.58140581858032
u942_s2,129.76869443259267
u943_s0,162.38913346811574
u943_s1,147.8234341507602
u944_s0,140.78480101911114
u945_s0,158.2132826905791
u945_s1,146.0895856978711
u945_s2,142.89306008521464
u946_s0,126.480528355581
u946_s1,190.65812930823253
u946_s2,176.22213808906275
u947_s0,171.0336046451194
u947_s1,197.93777495744163
u948_s0,158.2307143673163
u948_s1,184.50200584935874
u949_s0,154.93720101079387
u949_s1,192.37336092417252
u950_s0,141.59022424520845
u951_s0,177.0007279037914
u951_s1,174.5863346117439
u951_s2,158.7354892158188
u952_s0,175.67553811310023
u952_s1,173.65169976754976
u952_s2,127.1071646259071
u953_s0,184.57144164123994
u954_s0,195.69117777707172
u955_s0,191.7979118962139
u955_s1,145.59692045956868
u955_s2,175.4549667540942
u956_s0,155.62783735031758
u956_s1,153.82140896317625
u957_s0,174.61737902632981
u957_s1,175.3061229182325
u957_s2,163.6312627327058
u958_s0,168.2782555779717
u959_s0,191.6640835656666
u959_s1,171.29134389354402
u959_s2,169.8164680829191
u960_s0,157.38538687463986
u961_s0,178.6225255537568
u961_s1,129.92351182000522
u961_s2,141.79335735625043
u962_s0,162.35035238316192
u962_s1,120.22061864508316
u963_s0,160.60847360084952
u963_s1,139.66811076234518
u964_s0,156.08192191360703
u964_s1,150.45094545541167
u965_s0,159.22429022050497
u966_s0,143.9415163370338
u967_s0,172.47394135115948
u967_s1,128.41636647657847
u967_s2,166.9619058357469
u968_s0,152.17400220203245
u968_s1,131.59679129638448
u968_s2,170.82369948902888
u969_s0,167.7493358552684
u970_s0,203.7005385728886
u970_s1,165.90247672605682
u970_s2,169.16961247602768
u971_s0,164.39516167880285
u972_s0,131.3287215406912
u972_s1,180.77351026192915
u973_s0,156.0138505546596
u973_s1,164.42489407977536
u973_s2,136.98057675652524
u974_s0,121.16501116869651
u974_s1,138.36468766715058
u975_s0,196.0294722918436
u976_s0,178.74053462817687
u976_s1,154.7159073933366
u976_s2,168.4176894786343
u977_s0,170.55104367034272
u978_s0,162.57944215623795
u979_s0,112.72668919991746
u979_s1,155.07778972284376
u980_s0,137.58743267322345
u980_s1,164.02925087687086
u981_s0,168.36097936842773
u982_s0,163.5939153743414
u983_s0,187.99370513142946
u983_s1,145.84378398006638
u983_s2,151.3458474412583
u984_s0,185.95880387070264
u985_s0,140.7986331036586
u985_s1,140.47148920536802
u985_s2,179.50671469777518
u986_s0,165.39082956142684
u986_s1,154.95764979045097
u987_s0,135.26888799702533
u987_s1,167.84875408152456
u987_s2,163.2651125258433
u988_s0,130.641636447224
u989_s0,145.3220126633582
u989_s1,174.7614293542469
u990_s0,152.4519762989746
u990_s1,139.861059007828
u990_s2,156.18949620759926
u991_s0,165.8274891247717
u992_s0,130.0163841932088
u993_s0,167.37834405816494
u994_s0,160.23303415370492
u995_s0,189.6036615376373
u995_s1,157.62582454772556
u996_s0,139.21510756204466
u996_s1,102.80959922651115
u996_s2,135.4128503876335
u997_s0,129.01514603142192
u997_s1,159.98205740567207
u998_s0,173.02546396452556
u999_s0,166.87632954695408
